frame,acc_x,acc_y,acc_z,gyro_x,gyro_y,gyro_z
194,0.000000,-0.000000,9.810000,0.000000,0.000000,0.000000,0.016224
196,-6360.652344,41326.179688,-415.101685,0.000000,0.000000,0.000000,0.016224
197,-133.319489,0.650665,11.612969,0.000000,0.000000,0.000000,0.016224
198,0.000041,0.002500,9.810000,0.000000,0.000000,0.000000,0.016224
199,-0.000665,-0.002490,9.810040,0.000000,0.000000,0.000000,0.016224
200,0.000625,-0.000010,9.809922,0.000000,0.000000,0.000000,0.016224
201,-133.320038,0.655670,11.613008,0.000000,0.000000,0.000000,0.016224
202,0.000000,0.000000,9.810000,0.000000,0.000000,0.000000,0.016224
203,0.000000,0.000000,9.810000,0.000000,0.000000,0.000000,0.016224
204,0.000000,0.000000,9.810000,0.000000,0.000000,0.000000,0.016224
205,0.000000,0.000000,9.810000,0.000000,0.000000,0.000000,0.016224
206,0.000000,0.000000,9.810000,0.000000,0.000000,0.000000,0.016224
207,0.000000,0.000000,9.810000,0.000000,0.000000,0.000000,0.016224
208,0.000000,0.000000,9.810000,0.000000,0.000000,0.000000,0.016224
209,0.000000,0.000000,9.810000,0.000000,0.000000,0.000000,0.016224
210,0.000000,0.000000,9.810000,0.000000,0.000000,0.000000,0.016224
211,0.000000,0.000000,9.810000,0.000000,0.000000,0.000000,0.016224
212,0.000000,0.000000,9.810000,0.000000,0.000000,0.000000,0.016224
213,0.000000,0.000000,9.810000,0.000000,0.000000,0.000000,0.016224
214,0.000000,0.000000,9.810000,0.000000,0.000000,0.000000,0.016224
215,0.000000,0.000000,9.810000,0.000000,0.000000,0.000000,0.016224
216,0.000000,0.000000,9.810000,0.000000,0.000000,0.000000,0.016224
217,0.000000,0.000000,9.810000,0.000000,0.000000,0.000000,0.016224
218,0.000000,0.000000,9.810000,0.000000,0.000000,0.000000,0.016224
219,0.000000,0.000000,9.810000,0.000000,0.000000,0.000000,0.016224
220,0.000000,0.000000,9.810000,0.000000,0.000000,0.000000,0.016224
221,0.000000,0.000000,9.810000,0.000000,0.000000,0.000000,0.016224
222,0.000000,0.000000,9.810000,0.000000,0.000000,0.000000,0.016224
223,0.000000,0.000000,9.810000,0.000000,0.000000,0.000000,0.016224
224,0.000000,0.000000,9.810000,0.000000,0.000000,0.000000,0.016224
225,133.320038,-0.655670,8.007071,0.000000,0.000000,0.000000,0.016224
226,-133.320038,0.655670,11.612930,0.000000,0.000000,0.000000,0.016224
227,133.320663,-0.655685,8.007031,0.000000,0.000000,0.000000,0.016224
228,-133.320663,0.655685,11.612969,0.000000,0.000000,0.000000,0.016224
229,133.319412,-0.655655,8.007031,0.000000,0.000000,0.000000,0.016224
230,-133.319336,0.660660,11.612969,0.000000,0.000000,0.000000,0.016224
231,133.319962,-0.660675,8.007031,0.000000,0.000000,0.000000,0.016224
232,-133.320038,0.655670,11.612969,0.000000,0.000000,0.000000,0.016224
233,133.319336,-0.660660,8.007031,0.000000,0.000000,0.000000,0.016224
234,-133.319336,0.660660,11.612969,0.000000,0.000000,0.000000,0.016224
235,133.333832,0.001694,9.810000,0.000000,0.000000,0.000000,0.016224
236,-133.333832,-0.001694,9.810000,0.000000,0.000000,0.000000,0.016224
237,133.285217,-3.607353,9.581915,0.000000,0.000000,0.000006,0.070628
238,-133.285217,3.607353,10.038086,0.000000,0.000000,0.000006,0.070628
239,133.284775,-3.604820,9.581954,0.000000,0.000000,0.000006,0.070628
240,-0.001423,-0.002406,9.809961,0.000000,0.000000,0.000006,0.070628
241,0.002047,0.002361,9.810040,0.000000,0.000000,0.000006,0.070628
242,-0.002047,-0.002361,9.810000,0.000000,0.000000,0.000006,0.070628
243,0.001694,-0.002626,9.809922,0.000000,0.000000,0.000006,0.070628
244,0.048044,3.610611,10.038125,0.000000,0.000000,0.000006,0.070628
245,0.149466,3.675049,9.792852,0.000000,0.000000,0.000000,0.125031
246,-0.001244,-0.004883,9.810000,0.000000,0.000000,0.000000,0.125031
247,0.001244,0.004883,9.809961,0.000000,0.000000,0.000000,0.125031
248,-0.000624,-0.004961,9.810040,0.000000,0.000000,0.000000,0.125031
249,-0.001240,0.000156,9.810000,0.000000,0.000000,0.000000,0.125031
250,0.001864,0.004805,9.809961,0.000000,0.000000,0.000000,0.125031
251,0.045827,3.572170,9.827188,0.000000,0.000000,0.000000,0.125031
252,0.162172,4.129862,9.809688,-0.000000,0.000000,-0.000012,0.179434
253,0.000446,0.002460,9.810000,-0.000000,0.000000,-0.000012,0.179434
254,-0.000446,-0.002460,9.810000,-0.000000,0.000000,-0.000012,0.179434
255,0.000446,0.002460,9.810000,-0.000000,0.000000,-0.000012,0.179434
256,0.000784,-0.002683,9.810040,-0.000000,0.000000,-0.000012,0.179434
257,0.036032,3.126262,9.810274,-0.000000,0.000000,-0.000012,0.179434
258,0.142186,3.402145,9.809961,0.000000,0.000000,-0.000006,0.233837
259,-0.001216,0.000290,9.810000,0.000000,0.000000,-0.000006,0.233837
260,0.001216,-0.000290,9.810000,0.000000,0.000000,-0.000006,0.233837
261,-0.000579,-0.002432,9.810040,0.000000,0.000000,-0.000006,0.233837
262,-0.001216,0.000290,9.809961,0.000000,0.000000,-0.000006,0.233837
263,0.001216,-0.000290,9.809961,0.000000,0.000000,-0.000006,0.233837
264,0.055312,3.852018,9.810079,0.000000,0.000000,-0.000006,0.233837
265,0.149834,3.741771,9.810000,0.000000,-0.000000,-0.000012,0.288239
266,0.003108,0.001686,9.810000,0.000000,-0.000000,-0.000012,0.288239
267,-0.003108,-0.001686,9.810000,0.000000,-0.000000,-0.000012,0.288239
268,0.000711,0.002397,9.810000,0.000000,-0.000000,-0.000012,0.288239
269,-0.000223,-0.005149,9.810000,0.000000,-0.000000,-0.000012,0.288239
270,-0.000488,0.002752,9.810000,0.000000,-0.000000,-0.000012,0.288239
271,0.045477,3.504133,9.810000,0.000000,-0.000000,-0.000012,0.288239
272,0.164201,4.225457,9.810000,0.000000,-0.000000,-0.000018,0.342642
273,-0.001177,0.000420,9.810000,0.000000,-0.000000,-0.000018,0.342642
274,0.000000,0.000000,9.810000,0.000000,-0.000000,-0.000018,0.342642
275,0.001177,-0.000420,9.810000,0.000000,-0.000000,-0.000018,0.342642
276,-0.001177,0.000420,9.810000,0.000000,-0.000000,-0.000018,0.342642
277,0.036347,3.026201,9.810000,0.000000,-0.000000,-0.000018,0.342642
278,0.143635,3.491031,9.810000,-0.000000,-0.000000,-0.000012,0.397044
279,0.000000,0.000000,9.810000,-0.000000,-0.000000,-0.000012,0.397044
280,0.000000,0.000000,9.810000,-0.000000,-0.000000,-0.000012,0.397044
281,0.000186,-0.002789,9.810000,-0.000000,-0.000000,-0.000012,0.397044
282,0.002119,0.001822,9.810000,-0.000000,-0.000000,-0.000012,0.397044
283,-0.003086,-0.004128,9.810000,-0.000000,-0.000000,-0.000012,0.397044
284,0.051741,3.759989,9.810000,-0.000000,-0.000000,-0.000012,0.397044
285,0.156523,3.849910,9.810000,0.000000,0.000000,0.000000,0.451447
286,0.000034,-0.002795,9.810000,0.000000,0.000000,0.000000,0.451447
287,-0.002215,-0.001704,9.810000,0.000000,0.000000,0.000000,0.451447
288,0.002215,0.001704,9.810000,0.000000,0.000000,0.000000,0.451447
289,0.000034,-0.002795,9.810000,0.000000,0.000000,0.000000,0.451447
290,0.043367,3.410228,9.810000,0.000000,0.000000,0.000000,0.451447
291,0.133136,3.152841,9.810000,0.000000,0.000000,0.000000,0.505850
292,0.001211,0.002187,9.810000,0.000000,0.000000,0.000000,0.505850
293,-0.000118,-0.002793,9.810000,0.000000,0.000000,0.000000,0.505850
294,-0.002187,0.001211,9.810000,0.000000,0.000000,0.000000,0.505850
295,0.004492,0.000370,9.810000,0.000000,0.000000,0.000000,0.505850
296,-0.004610,-0.003162,9.810000,0.000000,0.000000,0.000000,0.505850
297,0.063242,4.094659,9.810000,0.000000,0.000000,0.000000,0.505850
298,0.144066,3.468742,9.810000,0.000000,0.000000,0.000000,0.560253
299,0.001329,0.002118,9.810000,0.000000,0.000000,0.000000,0.560253
300,-0.000270,-0.002782,9.810000,0.000000,0.000000,0.000000,0.560253
301,0.000270,0.002782,9.810000,0.000000,0.000000,0.000000,0.560253
302,-0.003986,-0.006353,9.810000,0.000000,0.000000,0.000000,0.560253
303,0.003986,0.006353,9.810000,0.000000,0.000000,0.000000,0.560253
304,0.055278,3.781191,9.810000,0.000000,0.000000,0.000000,0.560253
305,0.155374,3.941871,9.810000,0.000000,0.000000,0.000000,0.614655
306,-0.001442,-0.002042,9.810000,0.000000,0.000000,0.000000,0.614655
307,-0.001442,-0.002042,9.810000,0.000000,0.000000,0.000000,0.614655
308,0.001862,0.004806,9.810000,0.000000,0.000000,0.000000,0.614655
309,-0.001862,-0.004806,9.810000,0.000000,0.000000,0.000000,0.614655
310,0.042505,3.311604,9.810000,0.000000,0.000000,0.000000,0.614655
311,0.136955,3.244560,9.810000,0.000000,0.000000,0.000000,0.669057
312,-0.000981,0.000775,9.810000,0.000000,0.000000,0.000000,0.669057
313,0.000981,-0.000775,9.810000,0.000000,0.000000,0.000000,0.669057
314,-0.000981,0.000775,9.810000,0.000000,0.000000,0.000000,0.669057
315,-0.000570,-0.002736,9.810000,0.000000,0.000000,0.000000,0.669057
316,0.003671,0.006658,9.810000,0.000000,0.000000,0.000000,0.669057
317,0.055742,4.000382,9.810000,0.000000,0.000000,0.000000,0.669057
318,0.186209,3.790565,9.810000,0.000000,0.000000,0.000000,0.731593
319,0.001670,0.001860,9.810000,0.000000,0.000000,0.000000,0.731593
320,-0.002600,-0.001025,9.810000,0.000000,0.000000,0.000000,0.731593
321,0.000930,-0.000835,9.810000,0.000000,0.000000,0.000000,0.731593
322,-0.000740,-0.002695,9.810000,0.000000,0.000000,0.000000,0.731593
323,-0.000740,-0.002695,9.810000,0.000000,0.000000,0.000000,0.731593
324,0.079732,4.551384,9.810000,0.000000,0.000000,0.000000,0.731593
325,0.284436,5.607548,9.810000,-0.000000,-0.000000,-0.000012,0.803486
326,0.000000,0.000000,9.810000,-0.000000,-0.000000,-0.000012,0.803486
327,0.001799,0.001736,9.810000,-0.000000,-0.000000,-0.000012,0.803486
328,-0.005398,-0.005207,9.810000,-0.000000,-0.000000,-0.000012,0.803486
329,0.003663,0.007006,9.810000,-0.000000,-0.000000,-0.000012,0.803486
330,0.059345,3.964676,9.810000,-0.000000,-0.000000,-0.000012,0.803486
331,0.265161,5.004502,9.810000,0.000000,0.000000,0.000000,0.875379
332,0.000801,-0.000960,9.810000,0.000000,0.000000,0.000000,0.875379
333,0.000000,0.000000,9.810000,0.000000,0.000000,0.000000,0.875379
334,-0.003521,0.000318,9.810000,0.000000,0.000000,0.000000,0.875379
335,0.001919,0.001602,9.810000,0.000000,0.000000,0.000000,0.875379
336,0.082362,4.571934,9.810000,0.000000,0.000000,0.000000,0.875379
337,0.241354,4.395555,9.810000,0.000000,0.000000,0.000000,0.947273
338,-0.001300,-0.002475,9.810000,0.000000,0.000000,0.000000,0.947273
339,0.001300,0.002475,9.810000,0.000000,0.000000,0.000000,0.947273
340,0.000730,-0.001015,9.810000,0.000000,0.000000,0.000000,0.947273
341,-10.660596,0.414539,9.810000,0.000000,0.000000,0.000000,0.947273
342,-9.801847,0.380878,9.810000,0.000000,0.000000,0.000000,0.947273
343,-8.944569,4.391053,9.810000,0.000000,0.000000,0.000000,0.947273
344,-8.100156,4.033126,9.810000,0.000000,0.000000,0.000000,1.019166
345,-3.600546,0.126854,9.810000,0.000000,0.000000,0.000000,1.019166
346,-0.602220,0.019832,9.810000,0.000000,0.000000,0.000000,1.019166
347,-0.604841,0.024090,9.810000,0.000000,0.000000,0.000000,1.019166
348,-0.593212,0.019504,9.810000,0.000000,0.000000,0.000000,1.019166
349,-7.205023,0.260095,9.810000,0.000000,0.000000,0.000000,1.019166
350,-6.628025,0.233548,9.810000,0.000000,0.000000,0.000000,1.019166
351,-6.096230,0.223217,9.810000,0.000000,0.000000,0.000000,1.019166
352,-3.507028,0.122757,9.810000,0.000000,0.000000,0.000000,1.019166
353,0.042641,2.392176,9.810000,0.000000,0.000000,0.000000,1.019166
354,0.129639,2.367034,9.810000,0.000000,0.000000,0.000000,1.091059
355,0.001154,-0.002218,9.810000,0.000000,0.000000,0.000000,1.091059
356,0.001154,-0.002218,9.810000,0.000000,0.000000,0.000000,1.091059
357,-0.003372,0.001064,9.810000,0.000000,0.000000,0.000000,1.091059
358,-66.622078,2.424542,9.810000,0.000000,0.000000,0.000000,1.091059
359,125.168388,-4.553002,9.810000,0.000000,0.000000,0.000000,1.091059
360,-125.163948,4.555310,9.810000,0.000000,0.000000,0.000000,1.091059
361,124.526207,-4.532031,9.810000,0.000000,0.000000,0.000000,1.091059
362,-124.530647,4.529719,9.810000,0.000000,0.000000,0.000000,1.091059
363,123.895218,-4.510872,9.810000,0.000000,0.000000,0.000000,1.091059
364,-123.895218,4.510872,9.810000,0.000000,0.000000,0.000000,1.091059
365,123.269821,-4.489623,9.810000,0.000000,0.000000,0.000000,1.091059
366,-123.269821,4.489623,9.810000,0.000000,0.000000,0.000000,1.091059
367,122.723465,0.000012,9.810000,0.000000,0.000000,0.000000,1.091059
368,-122.723465,-0.000012,9.810000,0.000000,0.000000,0.000000,1.091059
369,122.017349,-4.334730,9.810000,0.000000,0.000000,-0.000003,1.162953
370,-122.017349,4.334730,9.810000,0.000000,0.000000,-0.000003,1.162953
371,121.385704,-4.316243,9.810000,0.000000,0.000000,-0.000003,1.162953
372,-121.385704,4.316243,9.810000,0.000000,0.000000,-0.000003,1.162953
373,120.759956,-4.292486,9.810000,0.000000,0.000000,-0.000003,1.162953
374,-120.760948,4.294784,9.810000,0.000000,0.000000,-0.000003,1.162953
375,120.143089,-4.270338,9.810000,0.000000,0.000000,-0.000003,1.162953
376,-120.142097,4.268044,9.810000,0.000000,0.000000,-0.000003,1.162953
377,119.519325,-4.251173,9.810000,0.000000,0.000000,-0.000003,1.162953
378,-119.515709,4.255450,9.810000,0.000000,0.000000,-0.000003,1.162953
379,-0.003598,-0.004278,9.810000,0.000000,0.000000,-0.000003,1.162953
380,0.000000,0.000000,9.810000,0.000000,0.000000,-0.000003,1.162953
381,0.000000,0.000000,9.810000,0.000000,0.000000,-0.000003,1.162953
382,0.000000,0.000000,9.810000,0.000000,0.000000,-0.000003,1.162953
383,0.000000,0.000000,9.810000,0.000000,0.000000,-0.000003,1.162953
384,0.000000,0.000000,9.810000,0.000000,0.000000,-0.000003,1.162953
385,0.000000,0.000000,9.810000,0.000000,0.000000,-0.000003,1.162953
386,0.000000,0.000000,9.810000,0.000000,0.000000,-0.000003,1.162953
387,0.000000,0.000000,9.810000,0.000000,0.000000,-0.000003,1.162953
388,0.000000,0.000000,9.810000,0.000000,0.000000,-0.000003,1.162953
389,0.000000,0.000000,9.810000,0.000000,0.000000,-0.000003,1.162953
390,0.000000,0.000000,9.810000,0.000000,0.000000,-0.000003,1.162953
391,0.000000,0.000000,9.810000,0.000000,0.000000,-0.000003,1.162953
392,0.000000,0.000000,9.810000,0.000000,0.000000,-0.000003,1.162953
393,0.000000,0.000000,9.810000,0.000000,0.000000,-0.000003,1.162953
394,0.000000,0.000000,9.810000,0.000000,0.000000,-0.000003,1.162953
395,0.000000,0.000000,9.810000,0.000000,0.000000,-0.000003,1.162953
396,0.000000,0.000000,9.810000,0.000000,0.000000,-0.000003,1.162953
397,0.000000,0.000000,9.810000,0.000000,0.000000,-0.000003,1.162953
398,0.000000,0.000000,9.810000,0.000000,0.000000,-0.000003,1.162953
399,0.000000,0.000000,9.810000,0.000000,0.000000,-0.000003,1.162953
400,0.000000,0.000000,9.810000,0.000000,0.000000,-0.000003,1.162953
401,0.000000,0.000000,9.810000,0.000000,0.000000,-0.000003,1.162953
402,0.000000,0.000000,9.810000,0.000000,0.000000,-0.000003,1.162953
403,0.000000,0.000000,9.810000,0.000000,0.000000,-0.000003,1.162953
404,0.000000,0.000000,9.810000,0.000000,0.000000,-0.000003,1.162953
405,0.000000,0.000000,9.810000,0.000000,0.000000,-0.000003,1.162953
406,0.000000,0.000000,9.810000,0.000000,0.000000,-0.000003,1.162953
407,0.000000,0.000000,9.810000,0.000000,0.000000,-0.000003,1.162953
408,0.000000,0.000000,9.810000,0.000000,0.000000,-0.000003,1.162953
409,0.000000,0.000000,9.810000,0.000000,0.000000,-0.000003,1.162953
410,0.000000,0.000000,9.810000,0.000000,0.000000,-0.000003,1.162953
411,0.000000,0.000000,9.810000,0.000000,0.000000,-0.000003,1.162953
412,0.000000,0.000000,9.810000,0.000000,0.000000,-0.000003,1.162953
413,0.000000,0.000000,9.810000,0.000000,0.000000,-0.000003,1.162953
414,0.000000,0.000000,9.810000,0.000000,0.000000,-0.000003,1.162953
415,0.000000,0.000000,9.810000,0.000000,0.000000,-0.000003,1.162953
416,0.000000,0.000000,9.810000,0.000000,0.000000,-0.000003,1.162953
417,0.000000,0.000000,9.810000,0.000000,0.000000,-0.000003,1.162953
418,0.000000,0.000000,9.810000,0.000000,0.000000,-0.000003,1.162953
419,0.000000,0.000000,9.810000,0.000000,0.000000,-0.000003,1.162953
420,0.000000,0.000000,9.810000,0.000000,0.000000,-0.000003,1.162953
421,0.000000,0.000000,9.810000,0.000000,0.000000,-0.000003,1.162953
422,0.000000,0.000000,9.810000,0.000000,0.000000,-0.000003,1.162953
423,0.000000,0.000000,9.810000,0.000000,0.000000,-0.000003,1.162953
424,0.000000,0.000000,9.810000,0.000000,0.000000,-0.000003,1.162953
425,0.000000,0.000000,9.810000,0.000000,0.000000,-0.000003,1.162953
426,0.000000,0.000000,9.810000,0.000000,0.000000,-0.000003,1.162953
427,0.000000,0.000000,9.810000,0.000000,0.000000,-0.000003,1.162953
428,0.000000,0.000000,9.810000,0.000000,0.000000,-0.000003,1.162953
429,0.000000,0.000000,9.810000,0.000000,0.000000,-0.000003,1.162953
430,0.000000,0.000000,9.810000,0.000000,0.000000,-0.000003,1.162953
431,0.000000,0.000000,9.810000,0.000000,0.000000,-0.000003,1.162953
432,0.000000,0.000000,9.810000,0.000000,0.000000,-0.000003,1.162953
433,0.000000,0.000000,9.810000,0.000000,0.000000,-0.000003,1.162953
434,0.000000,0.000000,9.810000,0.000000,0.000000,-0.000003,1.162953
435,0.000000,0.000000,9.810000,0.000000,0.000000,-0.000003,1.162953
436,0.000000,0.000000,9.810000,0.000000,0.000000,-0.000003,1.162953
437,0.000000,0.000000,9.810000,0.000000,0.000000,-0.000003,1.162953
438,0.000000,0.000000,9.810000,0.000000,0.000000,-0.000003,1.162953
439,0.000000,0.000000,9.810000,0.000000,0.000000,-0.000003,1.162953
440,0.000000,0.000000,9.810000,0.000000,0.000000,-0.000003,1.162953
441,0.000000,0.000000,9.810000,0.000000,0.000000,-0.000003,1.162953
442,0.000000,0.000000,9.810000,0.000000,0.000000,-0.000003,1.162953
443,0.000000,0.000000,9.810000,0.000000,0.000000,-0.000003,1.162953
444,0.000000,0.000000,9.810000,0.000000,0.000000,-0.000003,1.162953
445,0.000000,0.000000,9.810000,0.000000,0.000000,-0.000003,1.162953
446,0.000000,0.000000,9.810000,0.000000,0.000000,-0.000003,1.162953
447,0.000000,0.000000,9.810000,0.000000,0.000000,-0.000003,1.162953
448,0.000000,0.000000,9.810000,0.000000,0.000000,-0.000003,1.162953
449,0.000000,0.000000,9.810000,0.000000,0.000000,-0.000003,1.162953
450,0.000000,0.000000,9.810000,0.000000,0.000000,-0.000003,1.162953
451,0.000000,0.000000,9.810000,0.000000,0.000000,-0.000003,1.162953
452,0.000000,0.000000,9.810000,0.000000,0.000000,-0.000003,1.162953
453,0.000000,0.000000,9.810000,0.000000,0.000000,-0.000003,1.162953
454,0.000000,0.000000,9.810000,0.000000,0.000000,-0.000003,1.162953
455,0.000000,0.000000,9.810000,0.000000,0.000000,-0.000003,1.162953
456,0.000000,0.000000,9.810000,0.000000,0.000000,-0.000003,1.162953
457,0.000000,0.000000,9.810000,0.000000,0.000000,-0.000003,1.162953
458,0.000000,0.000000,9.810000,0.000000,0.000000,-0.000003,1.162953
459,0.000000,0.000000,9.810000,0.000000,0.000000,-0.000003,1.162953
460,0.000000,0.000000,9.810000,0.000000,0.000000,-0.000003,1.162953
461,0.000000,0.000000,9.810000,0.000000,0.000000,-0.000003,1.162953
462,0.000000,0.000000,9.810000,0.000000,0.000000,-0.000003,1.162953
463,0.000000,0.000000,9.810000,0.000000,0.000000,-0.000003,1.162953
464,0.000000,0.000000,9.810000,0.000000,0.000000,-0.000003,1.162953
465,0.000000,0.000000,9.810000,0.000000,0.000000,-0.000003,1.162953
466,0.000000,0.000000,9.810000,0.000000,0.000000,-0.000003,1.162953
467,0.000000,0.000000,9.810000,0.000000,0.000000,-0.000003,1.162953
468,0.000000,0.000000,9.810000,0.000000,0.000000,-0.000003,1.162953
469,0.000000,0.000000,9.810000,0.000000,0.000000,-0.000003,1.162953
470,0.000000,0.000000,9.810000,0.000000,0.000000,-0.000003,1.162953
471,0.000000,0.000000,9.810000,0.000000,0.000000,-0.000003,1.162953
472,0.000000,0.000000,9.810000,0.000000,0.000000,-0.000003,1.162953
473,0.000000,0.000000,9.810000,0.000000,0.000000,-0.000003,1.162953
474,0.000000,0.000000,9.810000,0.000000,0.000000,-0.000003,1.162953
475,0.000000,0.000000,9.810000,0.000000,0.000000,-0.000003,1.162953
476,0.000000,0.000000,9.810000,0.000000,0.000000,-0.000003,1.162953
477,0.000000,0.000000,9.810000,0.000000,0.000000,-0.000003,1.162953
478,0.000000,0.000000,9.810000,0.000000,0.000000,-0.000003,1.162953
479,0.000000,0.000000,9.810000,0.000000,0.000000,-0.000003,1.162953
480,0.000000,0.000000,9.810000,0.000000,0.000000,-0.000003,1.162953
481,0.000000,0.000000,9.810000,0.000000,0.000000,-0.000003,1.162953
482,0.000000,0.000000,9.810000,0.000000,0.000000,-0.000003,1.162953
483,0.000000,0.000000,9.810000,0.000000,0.000000,-0.000003,1.162953
484,0.000000,0.000000,9.810000,0.000000,0.000000,-0.000003,1.162953
485,0.000000,0.000000,9.810000,0.000000,0.000000,-0.000003,1.162953
486,0.000000,0.000000,9.810000,0.000000,0.000000,-0.000003,1.162953
487,0.000000,0.000000,9.810000,0.000000,0.000000,-0.000003,1.162953
488,0.000000,0.000000,9.810000,0.000000,0.000000,-0.000003,1.162953
489,118.906723,-4.232631,9.810000,0.000000,0.000000,-0.000003,1.162953
490,-118.906723,4.232631,9.810000,0.000000,0.000000,-0.000003,1.162953
491,118.372925,0.003075,9.810000,0.000000,0.000000,-0.000003,1.162953
492,-118.372925,-0.003075,9.810000,0.000000,0.000000,-0.000003,1.162953
493,0.000000,0.000000,9.810000,0.000000,0.000000,-0.000003,1.162953
494,0.000000,0.000000,9.810000,0.000000,0.000000,-0.000003,1.162953
495,0.000000,0.000000,9.810000,0.000000,0.000000,-0.000003,1.162953
496,0.000000,0.000000,9.810000,0.000000,0.000000,-0.000003,1.162953
497,0.000000,0.000000,9.810000,0.000000,0.000000,-0.000003,1.162953
498,0.000000,0.000000,9.810000,0.000000,0.000000,-0.000003,1.162953
499,0.000000,0.000000,9.810000,0.000000,0.000000,-0.000003,1.162953
500,0.000000,0.000000,9.810000,0.000000,0.000000,-0.000003,1.162953
501,0.000000,0.000000,9.810000,0.000000,0.000000,-0.000003,1.162953
502,0.000000,0.000000,9.810000,0.000000,0.000000,-0.000003,1.162953
503,0.000000,0.000000,9.810000,0.000000,0.000000,-0.000003,1.162953
504,0.000000,0.000000,9.810000,0.000000,0.000000,-0.000003,1.162953
505,0.000000,0.000000,9.810000,0.000000,0.000000,-0.000003,1.162953
506,0.000000,0.000000,9.810000,0.000000,0.000000,-0.000003,1.162953
507,0.000000,0.000000,9.810000,0.000000,0.000000,-0.000003,1.162953
508,0.000000,0.000000,9.810000,0.000000,0.000000,-0.000003,1.162953
509,0.000000,0.000000,9.810000,0.000000,0.000000,-0.000003,1.162953
510,0.000000,0.000000,9.810000,0.000000,0.000000,-0.000003,1.162953
511,0.000000,0.000000,9.810000,0.000000,0.000000,-0.000003,1.162953
512,0.000000,0.000000,9.810000,0.000000,0.000000,-0.000003,1.162953
513,0.000000,0.000000,9.810000,0.000000,0.000000,-0.000003,1.162953
514,0.000000,0.000000,9.810000,0.000000,0.000000,-0.000003,1.162953
515,0.000000,0.000000,9.810000,0.000000,0.000000,-0.000003,1.162953
516,0.000000,0.000000,9.810000,0.000000,0.000000,-0.000003,1.162953
517,0.000000,0.000000,9.810000,0.000000,0.000000,-0.000003,1.162953
518,0.000000,0.000000,9.810000,0.000000,0.000000,-0.000003,1.162953
519,0.000000,0.000000,9.810000,0.000000,0.000000,-0.000003,1.162953
520,0.000000,0.000000,9.810000,0.000000,0.000000,-0.000003,1.162953
521,0.000000,0.000000,9.810000,0.000000,0.000000,-0.000003,1.162953
522,0.000000,0.000000,9.810000,0.000000,0.000000,-0.000003,1.162953
523,0.000000,0.000000,9.810000,0.000000,0.000000,-0.000003,1.162953
524,0.000000,0.000000,9.810000,0.000000,0.000000,-0.000003,1.162953
525,0.000000,0.000000,9.810000,0.000000,0.000000,-0.000003,1.162953
526,0.000000,0.000000,9.810000,0.000000,0.000000,-0.000003,1.162953
527,117.681000,-4.230980,9.810000,0.000000,0.000000,0.000000,1.234845
528,-117.681000,4.230980,9.810000,0.000000,0.000000,0.000000,1.234845
529,0.000000,0.000000,9.810000,0.000000,0.000000,0.000000,1.234845
530,0.000000,0.000000,9.810000,0.000000,0.000000,0.000000,1.234845
531,117.068687,-4.206469,9.810000,0.000000,0.000000,0.000000,1.234845
532,-117.068687,4.206469,9.810000,0.000000,0.000000,0.000000,1.234845
533,0.000000,0.000000,9.810000,0.000000,0.000000,0.000000,1.234845
534,116.457199,-4.184311,9.810000,0.000000,0.000000,0.000000,1.234845
535,-116.457199,4.184311,9.810000,0.000000,0.000000,0.000000,1.234845
536,115.852081,-4.165236,9.810000,0.000000,0.000000,0.000000,1.234845
537,-115.852905,4.167594,9.810000,0.000000,0.000000,0.000000,1.234845
538,115.246971,-4.146152,9.810000,0.000000,0.000000,0.000000,1.234845
539,-115.246147,4.143793,9.810000,0.000000,0.000000,0.000000,1.234845
540,114.652824,-4.120597,9.810000,0.000000,0.000000,0.000000,1.234845
541,-114.652824,4.120597,9.810000,0.000000,0.000000,0.000000,1.234845
542,114.127014,0.001497,9.810000,0.000000,0.000000,0.000000,1.234845
543,-114.127014,-0.001497,9.810000,0.000000,0.000000,0.000000,1.234845
544,113.443268,-4.429873,9.810000,-0.000000,-0.000000,-0.000003,1.306739
545,-113.443268,4.429873,9.810000,-0.000000,-0.000000,-0.000003,1.306739
546,112.850876,-4.403575,9.810000,-0.000000,-0.000000,-0.000003,1.306739
547,-112.850876,4.403575,9.810000,-0.000000,-0.000000,-0.000003,1.306739
548,112.256714,-4.380348,9.810000,-0.000000,-0.000000,-0.000003,1.306739
549,-112.256714,4.380348,9.810000,-0.000000,-0.000000,-0.000003,1.306739
550,111.665627,-4.358878,9.810000,-0.000000,-0.000000,-0.000003,1.306739
551,-111.665627,4.358878,9.810000,-0.000000,-0.000000,-0.000003,1.306739
552,111.078705,-4.333691,9.810000,-0.000000,-0.000000,-0.000003,1.306739
553,-111.078705,4.333691,9.810000,-0.000000,-0.000000,-0.000003,1.306739
554,110.497917,-4.312024,9.810000,-0.000000,-0.000000,-0.000003,1.306739
555,-110.498566,4.314440,9.810000,-0.000000,-0.000000,-0.000003,1.306739
556,109.919090,-4.297598,9.810000,-0.000000,-0.000000,-0.000003,1.306739
557,-109.918442,4.295186,9.810000,-0.000000,-0.000000,-0.000003,1.306739
558,109.427063,0.003050,9.810000,-0.000000,-0.000000,-0.000003,1.306739
559,-109.427063,-0.003050,9.810000,-0.000000,-0.000000,-0.000003,1.306739
560,108.783745,-3.829521,9.810000,0.000000,0.000000,0.000000,1.378632
561,-108.784218,3.831975,9.810000,0.000000,0.000000,0.000000,1.378632
562,108.204796,-3.812270,9.810000,0.000000,0.000000,0.000000,1.378632
563,-108.204315,3.809815,9.810000,0.000000,0.000000,0.000000,1.378632
564,107.634705,-3.788206,9.810000,0.000000,0.000000,0.000000,1.378632
565,-107.632248,3.788685,9.810000,0.000000,0.000000,0.000000,1.378632
566,107.061134,-3.772460,9.810000,0.000000,0.000000,0.000000,1.378632
567,-107.063591,3.771981,9.810000,0.000000,0.000000,0.000000,1.378632
568,106.496437,-3.749891,9.810000,0.000000,0.000000,0.000000,1.378632
569,-0.556865,0.021544,9.810000,0.000000,0.000000,0.000000,1.378632
570,-0.563272,0.015204,9.810000,0.000000,0.000000,0.000000,1.378632
571,-0.493422,3.714130,9.810000,0.000000,0.000000,0.000000,1.378632
572,-0.343501,3.967447,9.810000,0.000000,0.000000,0.000000,1.450525
573,-0.555925,0.015914,9.810000,0.000000,0.000000,0.000000,1.450525
574,-0.551261,0.018996,9.810000,0.000000,0.000000,0.000000,1.450525
575,-0.548479,0.016814,9.810000,0.000000,0.000000,0.000000,1.450525
576,-0.546597,0.022078,9.810000,0.000000,0.000000,0.000000,1.450525
577,-0.543516,0.017414,9.810000,0.000000,0.000000,0.000000,1.450525
578,-0.541034,0.017714,9.810000,0.000000,0.000000,0.000000,1.450525
579,-0.475819,3.457890,9.810000,0.000000,0.000000,0.000000,1.450525
580,-0.342564,3.560099,9.810000,0.000000,0.000000,0.000000,1.522418
581,-0.536550,0.019075,9.810000,0.000000,0.000000,0.000000,1.522418
582,-0.529059,0.019438,9.810000,0.000000,0.000000,0.000000,1.522418
583,-0.529059,0.019438,9.810000,0.000000,0.000000,0.000000,1.522418
584,-0.523944,0.017183,9.810000,0.000000,0.000000,0.000000,1.522418
585,-0.524065,0.019680,9.810000,0.000000,0.000000,0.000000,1.522418
586,-0.519192,0.022419,9.810000,0.000000,0.000000,0.000000,1.522418
587,-0.518708,0.012430,9.810000,0.000000,0.000000,0.000000,1.522418
588,-0.446232,3.530051,9.810000,0.000000,0.000000,0.000000,1.522418
589,-0.353242,4.731435,9.810000,0.000000,0.000000,0.000000,1.581211
590,-0.507472,0.005286,9.810000,0.000000,0.000000,0.000000,1.581211
591,-0.512472,0.005338,9.810000,0.000000,0.000000,0.000000,1.581211
592,-0.499999,0.002708,9.810000,0.000000,0.000000,0.000000,1.581211
593,-0.502447,0.007733,9.810000,0.000000,0.000000,0.000000,1.581211
594,-0.499947,0.007707,9.810000,0.000000,0.000000,0.000000,1.581211
595,-0.497525,0.000182,9.810000,0.000000,0.000000,0.000000,1.581211
596,-0.492499,0.002629,9.810000,0.000000,0.000000,0.000000,1.581211
597,-0.492447,0.007629,9.810000,0.000000,0.000000,0.000000,1.581211
598,-0.487500,0.002577,9.810000,0.000000,0.000000,0.000000,1.581211
599,-0.487448,0.007577,9.810000,0.000000,0.000000,0.000000,1.581211
600,-0.485000,0.002551,9.810000,0.000000,0.000000,0.000000,1.581211
601,-0.482500,0.002525,9.810000,0.000000,0.000000,0.000000,1.581211
602,-0.477448,0.007473,9.810000,0.000000,0.000000,0.000000,1.581211
603,-0.472474,0.004921,9.810000,0.000000,0.000000,0.000000,1.581211
604,-0.480000,0.002499,9.810000,0.000000,0.000000,0.000000,1.581211
605,-0.467475,0.004869,9.810000,0.000000,0.000000,0.000000,1.581211
606,-0.465001,0.002343,9.810000,0.000000,0.000000,0.000000,1.581211
607,-0.469948,0.007395,9.810000,0.000000,0.000000,0.000000,1.581211
608,-0.456591,0.809799,9.810000,0.000000,0.000000,0.000000,1.581211
609,-0.463907,-0.372689,9.810000,0.000000,0.000000,0.000000,1.581211
610,-0.453622,0.374745,9.810000,0.000000,0.000000,0.000000,1.581211
611,48.227356,-0.024780,9.810000,0.000000,0.000000,0.000000,1.581211
612,0.000000,0.000000,9.810000,0.000000,0.000000,0.000000,1.581211
613,-0.000026,-0.002500,9.810000,0.000000,0.000000,0.000000,1.581211
614,0.000052,0.005000,9.810000,0.000000,0.000000,0.000000,1.581211
615,-0.000026,-0.002500,9.810000,0.000000,0.000000,0.000000,1.581211
616,0.002474,-0.002526,9.810000,0.000000,0.000000,0.000000,1.581211
617,-0.004974,0.002552,9.810000,0.000000,0.000000,0.000000,1.581211
618,0.004974,-0.002552,9.810000,0.000000,0.000000,0.000000,1.581211
619,-0.004974,0.002552,9.810000,0.000000,0.000000,0.000000,1.581211
620,0.005026,0.002448,9.810000,0.000000,0.000000,0.000000,1.581211
621,-0.000052,-0.005000,9.810000,0.000000,0.000000,0.000000,1.581211
622,0.000052,0.005000,9.810000,0.000000,0.000000,0.000000,1.581211
623,0.002474,-0.002526,9.810000,0.000000,0.000000,0.000000,1.581211
624,-0.002526,-0.002474,9.810000,0.000000,0.000000,0.000000,1.581211
625,0.000286,0.027499,9.810000,0.000000,0.000000,0.000000,1.581211
626,-0.000052,-0.005000,9.810000,0.000000,0.000000,0.000000,1.581211
627,-0.002448,0.005026,9.810000,0.000000,0.000000,0.000000,1.581211
628,0.002474,-0.002526,9.810000,0.000000,0.000000,0.000000,1.581211
629,0.002500,-0.000026,9.810000,0.000000,0.000000,0.000000,1.581211
630,-0.002500,0.000026,9.810000,0.000000,0.000000,0.000000,1.581211
631,-0.002474,0.002526,9.810000,0.000000,0.000000,0.000000,1.581211
632,0.002474,-0.002526,9.810000,0.000000,0.000000,0.000000,1.581211
633,0.000000,0.000000,9.810000,0.000000,0.000000,0.000000,1.581211
634,0.000000,0.000000,9.810000,0.000000,0.000000,0.000000,1.581211
635,-0.000026,-0.002500,9.810000,0.000000,0.000000,0.000000,1.581211
636,0.002500,-0.000026,9.810000,0.000000,0.000000,0.000000,1.581211
637,-0.004974,0.002552,9.810000,0.000000,0.000000,0.000000,1.581211
638,0.002500,-0.000026,9.810000,0.000000,0.000000,0.000000,1.581211
639,-0.000026,-0.002500,9.810000,0.000000,0.000000,0.000000,1.581211
640,0.000052,0.005000,9.810000,0.000000,0.000000,0.000000,1.581211
641,-0.000026,-0.002500,9.810000,0.000000,0.000000,0.000000,1.581211
642,0.000026,0.002500,9.810000,0.000000,0.000000,0.000000,1.581211
643,-0.002500,0.000026,9.810000,0.000000,0.000000,0.000000,1.581211
644,0.004974,-0.002552,9.810000,0.000000,0.000000,0.000000,1.581211
645,-0.002474,0.002526,9.810000,0.000000,0.000000,0.000000,1.581211
646,-0.000026,-0.002500,9.810000,0.000000,0.000000,0.000000,1.581211
647,0.000026,0.002500,9.810000,0.000000,0.000000,0.000000,1.581211
648,-0.002526,-0.002474,9.810000,0.000000,0.000000,0.000000,1.581211
649,0.002526,0.002474,9.810000,0.000000,0.000000,0.000000,1.581211
650,-0.000026,-0.002500,9.810000,0.000000,0.000000,0.000000,1.581211
651,0.002500,-0.000026,9.810000,0.000000,0.000000,0.000000,1.581211
652,-0.002500,0.000026,9.810000,0.000000,0.000000,0.000000,1.581211
653,-0.002500,0.000026,9.810000,0.000000,0.000000,0.000000,1.581211
654,0.002526,0.002474,9.810000,0.000000,0.000000,0.000000,1.581211
655,-0.000026,-0.002500,9.810000,0.000000,0.000000,0.000000,1.581211
656,0.001276,0.002487,9.810000,0.000000,0.000000,0.000000,1.581211
657,-0.001276,-0.002487,9.810000,0.000000,0.000000,0.000000,1.581211
658,-0.001250,0.000013,9.810000,0.000000,0.000000,0.000000,1.581211
659,0.000052,0.005000,9.810000,0.000000,0.000000,0.000000,1.581211
660,0.002448,-0.005026,9.810000,0.000000,0.000000,0.000000,1.581211
661,-0.001224,0.002513,9.810000,0.000000,0.000000,0.000000,1.581211
662,0.001224,-0.002513,9.810000,0.000000,0.000000,0.000000,1.581211
663,-0.002474,0.002526,9.810000,0.000000,0.000000,0.000000,1.581211
664,-0.001276,-0.002487,9.810000,0.000000,0.000000,0.000000,1.581211
665,0.003776,0.002461,9.810000,0.000000,0.000000,0.000000,1.581211
666,-0.001276,-0.002487,9.810000,0.000000,0.000000,0.000000,1.581211
667,0.001250,-0.000013,9.810000,0.000000,0.000000,0.000000,1.581211
668,-0.001224,0.002513,9.810000,0.000000,0.000000,0.000000,1.581211
669,-0.001276,-0.002487,9.810000,0.000000,0.000000,0.000000,1.581211
670,0.000026,0.002500,9.810000,0.000000,0.000000,0.000000,1.581211
671,0.002474,-0.002526,9.810000,0.000000,0.000000,0.000000,1.581211
672,-0.001224,0.002513,9.810000,0.000000,0.000000,0.000000,1.581211
673,0.001224,-0.002513,9.810000,0.000000,0.000000,0.000000,1.581211
674,-0.002474,0.002526,9.810000,0.000000,0.000000,0.000000,1.581211
675,-0.000026,-0.002500,9.810000,0.000000,0.000000,0.000000,1.581211
676,0.001276,0.002487,9.810000,0.000000,0.000000,0.000000,1.581211
677,0.001224,-0.002513,9.810000,0.000000,0.000000,0.000000,1.581211
678,-0.001224,0.002513,9.810000,0.000000,0.000000,0.000000,1.581211
679,0.001224,-0.002513,9.810000,0.000000,0.000000,0.000000,1.581211
680,-0.002474,0.002526,9.810000,0.000000,0.000000,0.000000,1.581211
681,-0.001276,-0.002487,9.810000,0.000000,0.000000,0.000000,1.581211
682,0.003776,0.002461,9.810000,0.000000,0.000000,0.000000,1.581211
683,-0.001276,-0.002487,9.810000,0.000000,0.000000,0.000000,1.581211
684,0.001250,-0.000013,9.810000,0.000000,0.000000,0.000000,1.581211
685,-0.002474,0.002526,9.810000,0.000000,0.000000,0.000000,1.581211
686,-0.000026,-0.002500,9.810000,0.000000,0.000000,0.000000,1.581211
687,0.001276,0.002487,9.810000,0.000000,0.000000,0.000000,1.581211
688,0.001224,-0.002513,9.810000,0.000000,0.000000,0.000000,1.581211
689,-0.001224,0.002513,9.810000,0.000000,0.000000,0.000000,1.581211
690,-0.001276,-0.002487,9.810000,0.000000,0.000000,0.000000,1.581211
691,0.001276,0.002487,9.810000,0.000000,0.000000,0.000000,1.581211
692,-0.001276,-0.002487,9.810000,0.000000,0.000000,0.000000,1.581211
693,0.001276,0.002487,9.810000,0.000000,0.000000,0.000000,1.581211
694,-0.002526,-0.002474,9.810000,0.000000,0.000000,0.000000,1.581211
695,0.002526,0.002474,9.810000,0.000000,0.000000,0.000000,1.581211
696,-0.000026,-0.002500,9.810000,0.000000,0.000000,0.000000,1.581211
697,0.000026,0.002500,9.810000,0.000000,0.000000,0.000000,1.581211
698,-0.001302,-0.004987,9.810000,0.000000,0.000000,0.000000,1.581211
699,0.001302,0.004987,9.810000,0.000000,0.000000,0.000000,1.581211
700,-0.001276,-0.002487,9.810000,0.000000,0.000000,0.000000,1.581211
701,0.001276,0.002487,9.810000,0.000000,0.000000,0.000000,1.581211
702,-0.001276,-0.002487,9.810000,0.000000,0.000000,0.000000,1.581211
703,0.000026,0.002500,9.810000,0.000000,0.000000,0.000000,1.581211
704,0.001224,-0.002513,9.810000,0.000000,0.000000,0.000000,1.581211
705,-0.001224,0.002513,9.810000,0.000000,0.000000,0.000000,1.581211
706,0.001224,-0.002513,9.810000,0.000000,0.000000,0.000000,1.581211
707,-0.001250,0.000013,9.810000,0.000000,0.000000,0.000000,1.581211
708,0.000026,0.002500,9.810000,0.000000,0.000000,0.000000,1.581211
709,0.000000,0.000000,9.810000,0.000000,0.000000,0.000000,1.581211
710,0.001250,-0.000013,9.810000,0.000000,0.000000,0.000000,1.581211
711,-0.000052,-0.005000,9.810000,0.000000,0.000000,0.000000,1.581211
712,-0.001198,0.005013,9.810000,0.000000,0.000000,0.000000,1.581211
713,-0.000026,-0.002500,9.810000,0.000000,0.000000,0.000000,1.581211
714,0.000000,0.000000,9.810000,0.000000,0.000000,0.000000,1.581211
715,0.001250,-0.000013,9.810000,0.000000,0.000000,0.000000,1.581211
716,-0.001224,0.002513,9.810000,0.000000,0.000000,0.000000,1.581211
717,-0.000026,-0.002500,9.810000,0.000000,0.000000,0.000000,1.581211
718,0.000026,0.002500,9.810000,0.000000,0.000000,0.000000,1.581211
719,-0.000026,-0.002500,9.810000,0.000000,0.000000,0.000000,1.581211
720,0.000026,0.002500,9.810000,0.000000,0.000000,0.000000,1.581211
721,-0.001276,-0.002487,9.810000,0.000000,0.000000,0.000000,1.581211
722,0.001276,0.002487,9.810000,0.000000,0.000000,0.000000,1.581211
723,-0.000026,-0.002500,9.810000,0.000000,0.000000,0.000000,1.581211
724,0.000026,0.002500,9.810000,0.000000,0.000000,0.000000,1.581211
725,0.000000,0.000000,9.810000,0.000000,0.000000,0.000000,1.581211
726,-0.000026,-0.002500,9.810000,0.000000,0.000000,0.000000,1.581211
727,0.000000,0.000000,9.810000,0.000000,0.000000,0.000000,1.581211
728,0.000026,0.002500,9.810000,0.000000,0.000000,0.000000,1.581211
729,-0.000026,-0.002500,9.810000,0.000000,0.000000,0.000000,1.581211
730,0.000000,0.000000,9.810000,0.000000,0.000000,0.000000,1.581211
731,0.000026,0.002500,9.810000,0.000000,0.000000,0.000000,1.581211
732,-0.000026,-0.002500,9.810000,0.000000,0.000000,0.000000,1.581211
733,-0.000599,0.002506,9.810000,0.000000,0.000000,0.000000,1.581211
734,0.000599,-0.002506,9.810000,0.000000,0.000000,0.000000,1.581211
735,0.000026,0.002500,9.810000,0.000000,0.000000,0.000000,1.581211
736,-0.000026,-0.002500,9.810000,0.000000,0.000000,0.000000,1.581211
737,0.000026,0.002500,9.810000,0.000000,0.000000,0.000000,1.581211
738,0.000000,0.000000,9.810000,0.000000,0.000000,0.000000,1.581211
739,-0.000651,-0.002493,9.810000,0.000000,0.000000,0.000000,1.581211
740,0.000625,-0.000007,9.810000,0.000000,0.000000,0.000000,1.581211
741,0.000026,0.002500,9.810000,0.000000,0.000000,0.000000,1.581211
742,-0.000026,-0.002500,9.810000,0.000000,0.000000,0.000000,1.581211
743,0.000026,0.002500,9.810000,0.000000,0.000000,0.000000,1.581211
744,-0.000026,-0.002500,9.810000,0.000000,0.000000,0.000000,1.581211
745,0.000000,0.000000,9.810000,0.000000,0.000000,0.000000,1.581211
746,-0.000599,0.002506,9.810000,0.000000,0.000000,0.000000,1.581211
747,0.000599,-0.002506,9.810000,0.000000,0.000000,0.000000,1.581211
748,0.000026,0.002500,9.810000,0.000000,0.000000,0.000000,1.581211
749,-0.000026,-0.002500,9.810000,0.000000,0.000000,0.000000,1.581211
750,0.000052,0.005000,9.810000,0.000000,0.000000,0.000000,1.581211
751,-0.000052,-0.005000,9.810000,0.000000,0.000000,0.000000,1.581211
752,0.000026,0.002500,9.810000,0.000000,0.000000,0.000000,1.581211
753,-0.000651,-0.002493,9.810000,0.000000,0.000000,0.000000,1.581211
754,0.000625,-0.000007,9.810000,0.000000,0.000000,0.000000,1.581211
755,-0.000625,0.000007,9.810000,0.000000,0.000000,0.000000,1.581211
756,0.000651,0.002493,9.810000,0.000000,0.000000,0.000000,1.581211
757,-0.000677,-0.004993,9.810000,0.000000,0.000000,0.000000,1.581211
758,0.000677,0.004993,9.810000,0.000000,0.000000,0.000000,1.581211
759,-0.000026,-0.002500,9.810000,0.000000,0.000000,0.000000,1.581211
760,-0.000599,0.002506,9.810000,0.000000,0.000000,0.000000,1.581211
761,0.000599,-0.002506,9.810000,0.000000,0.000000,0.000000,1.581211
762,-0.000599,0.002506,9.810000,0.000000,0.000000,0.000000,1.581211
763,0.000599,-0.002506,9.810000,0.000000,0.000000,0.000000,1.581211
764,-0.000599,0.002506,9.810000,0.000000,0.000000,0.000000,1.581211
765,0.000599,-0.002506,9.810000,0.000000,0.000000,0.000000,1.581211
766,-0.000599,0.002506,9.810000,0.000000,0.000000,0.000000,1.581211
767,0.000625,-0.000007,9.810000,0.000000,0.000000,0.000000,1.581211
768,-0.000026,-0.002500,9.810000,0.000000,0.000000,0.000000,1.581211
769,0.000026,0.002500,9.810000,0.000000,0.000000,0.000000,1.581211
770,-0.000651,-0.002493,9.810000,0.000000,0.000000,0.000000,1.581211
771,0.000651,0.002493,9.810000,0.000000,0.000000,0.000000,1.581211
772,-0.000677,-0.004993,9.810000,0.000000,0.000000,0.000000,1.581211
773,0.000677,0.004993,9.810000,0.000000,0.000000,0.000000,1.581211
774,-0.000026,-0.002500,9.810000,0.000000,0.000000,0.000000,1.581211
775,0.000026,0.002500,9.810000,0.000000,0.000000,0.000000,1.581211
776,-0.000651,-0.002493,9.810000,0.000000,0.000000,0.000000,1.581211
777,0.000651,0.002493,9.810000,0.000000,0.000000,0.000000,1.581211
778,-0.000339,-0.002497,9.810000,0.000000,0.000000,0.000000,1.581211
779,0.000339,0.002497,9.810000,0.000000,0.000000,0.000000,1.581211
780,0.000000,0.000000,9.810000,0.000000,0.000000,0.000000,1.581211
781,-0.000339,-0.002497,9.810000,0.000000,0.000000,0.000000,1.581211
782,0.000026,0.002500,9.810000,0.000000,0.000000,0.000000,1.581211
783,-0.000026,-0.002500,9.810000,0.000000,0.000000,0.000000,1.581211
784,0.000026,0.002500,9.810000,0.000000,0.000000,0.000000,1.581211
785,-0.000026,-0.002500,9.810000,0.000000,0.000000,0.000000,1.581211
786,0.000026,0.002500,9.810000,0.000000,0.000000,0.000000,1.581211
787,-0.000052,-0.005000,9.810000,0.000000,0.000000,0.000000,1.581211
788,0.000365,0.004996,9.810000,0.000000,0.000000,0.000000,1.581211
789,0.000026,0.070006,9.810000,0.000000,0.000000,0.000000,1.584565
790,0.000347,0.002495,9.810000,0.000000,0.000000,0.000000,1.584565
791,-0.000347,-0.002495,9.810000,0.000000,0.000000,0.000000,1.584565
792,0.000156,-0.000002,9.810000,0.000000,0.000000,0.000000,1.584565
793,-0.000122,0.002502,9.810000,0.000000,0.000000,0.000000,1.584565
794,0.000122,-0.002502,9.810000,0.000000,0.000000,0.000000,1.584565
795,0.000000,0.000000,9.810000,0.000000,0.000000,0.000000,1.584565
796,0.000034,0.002500,9.810000,0.000000,0.000000,0.000000,1.584565
797,-0.000191,-0.002498,9.810000,0.000000,0.000000,0.000000,1.584565
798,0.000034,0.002500,9.810000,0.000000,0.000000,0.000000,1.584565
799,0.000122,-0.002502,9.810000,0.000000,0.000000,0.000000,1.584565
800,0.000000,0.000000,9.810000,0.000000,0.000000,0.000000,1.584565
801,-0.000122,0.002502,9.810000,0.000000,0.000000,0.000000,1.584565
802,0.000044,-0.002501,9.810000,0.000000,0.000000,0.000000,1.584565
803,0.000078,-0.000001,9.810000,0.000000,0.000000,0.000000,1.584565
804,0.000398,0.375030,9.810040,0.000000,0.000000,0.000000,1.584565
805,0.000324,0.260028,9.809961,0.000000,0.000000,0.000000,1.586765
806,0.000040,0.002500,9.810000,0.000000,0.000000,0.000000,1.586765
807,-0.000002,-0.005001,9.810000,0.000000,0.000000,0.000000,1.586765
808,0.000001,0.002500,9.810000,0.000000,0.000000,0.000000,1.586765
809,-0.000020,0.000000,9.809961,0.000000,0.000000,0.000000,1.586765
810,-0.000020,0.000000,9.810040,0.000000,0.000000,0.000000,1.586765
811,0.000015,-0.000000,9.810000,0.000000,0.000000,0.000000,1.586765
812,-0.000045,-0.002500,9.810000,0.000000,0.000000,0.000000,1.586765
813,0.000020,0.002500,9.810000,0.000000,0.000000,0.000000,1.586765
814,-0.000001,-0.002500,9.810000,0.000000,0.000000,0.000000,1.586765
815,0.000040,0.002500,9.810000,0.000000,0.000000,0.000000,1.586765
816,-0.000079,-0.002499,9.810000,0.000000,0.000000,0.000000,1.586765
817,0.000040,0.002500,9.810000,0.000000,0.000000,0.000000,1.586765
818,0.000000,0.000000,9.810000,0.000000,0.000000,0.000000,1.586765
819,0.000012,0.035004,9.810040,0.000000,0.000000,0.000000,1.586765
820,0.013499,-1.104995,9.809961,0.000000,0.000000,0.000000,1.570387
821,-0.000079,0.002500,9.810000,0.000000,0.000000,0.000000,1.570387
822,0.000000,0.000000,9.810000,0.000000,0.000000,0.000000,1.570387
823,0.000156,0.000000,9.810000,0.000000,0.000000,0.000000,1.570387
824,0.000000,0.000000,9.810000,0.000000,0.000000,0.000000,1.570387
825,0.000000,0.000000,9.809961,0.000000,0.000000,0.000000,1.570387
826,0.000000,0.000000,9.810040,0.000000,0.000000,0.000000,1.570387
827,0.000156,0.000000,9.810000,0.000000,0.000000,0.000000,1.570387
828,-0.000312,-0.000000,9.810000,0.000000,0.000000,0.000000,1.570387
829,0.000156,0.000000,9.810000,0.000000,0.000000,0.000000,1.570387
830,0.000000,0.000000,9.810000,0.000000,0.000000,0.000000,1.570387
831,0.000000,0.000000,9.810000,0.000000,0.000000,0.000000,1.570387
832,0.000000,0.000000,9.810000,0.000000,0.000000,0.000000,1.570387
833,0.000000,0.000000,9.810000,0.000000,0.000000,0.000000,1.570387
834,0.004505,-1.082498,9.810040,0.000000,0.000000,0.000000,1.570387
835,0.000000,0.000000,9.810000,0.000000,0.000000,0.000000,1.570387
836,-0.000333,0.050000,9.809922,0.000000,0.000000,0.000000,1.570387
837,-0.000001,0.002500,9.810040,0.000000,0.000000,0.000000,1.570387
838,0.000314,-0.002500,9.810000,0.000000,0.000000,0.000000,1.570387
839,-0.000626,0.002500,9.810000,0.000000,0.000000,0.000000,1.570387
840,0.000626,-0.002500,9.810000,0.000000,0.000000,0.000000,1.570387
841,-0.000314,0.002500,9.810000,0.000000,0.000000,0.000000,1.570387
842,0.000001,-0.002500,9.810000,0.000000,0.000000,0.000000,1.570387
843,0.000000,0.000000,9.810000,0.000000,0.000000,0.000000,1.570387
844,-0.000001,0.002500,9.810000,0.000000,0.000000,0.000000,1.570387
845,-0.000311,-0.002500,9.810000,0.000000,0.000000,0.000000,1.570387
846,0.000314,-0.002500,9.809961,0.000000,0.000000,0.000000,1.570387
847,-0.000314,0.002500,9.810040,0.000000,0.000000,0.000000,1.570387
848,0.000312,0.000000,9.810000,0.000000,0.000000,0.000000,1.570387
849,0.000000,0.000000,9.810000,0.000000,0.000000,0.000000,1.570387
850,-0.000292,-0.050000,9.810040,0.000000,0.000000,0.000000,1.570387
851,-0.000002,0.005000,9.809961,0.000000,0.000000,0.000000,1.570387
852,0.000001,-0.002500,9.810000,0.000000,0.000000,0.000000,1.570387
853,-0.000001,0.002500,9.810000,0.000000,0.000000,0.000000,1.570387
854,0.000001,-0.002500,9.810000,0.000000,0.000000,0.000000,1.570387
855,-0.000001,0.002500,9.810000,0.000000,0.000000,0.000000,1.570387
856,0.000001,-0.002500,9.810000,0.000000,0.000000,0.000000,1.570387
857,-0.000625,-0.000000,9.809961,0.000000,0.000000,0.000000,1.570387
858,0.000624,0.002500,9.810040,0.000000,0.000000,0.000000,1.570387
859,0.000001,-0.002500,9.810000,0.000000,0.000000,0.000000,1.570387
860,-0.000001,0.002500,9.810000,0.000000,0.000000,0.000000,1.570387
861,0.000001,-0.002500,9.810000,0.000000,0.000000,0.000000,1.570387
862,0.000624,0.002500,9.810000,0.000000,0.000000,0.000000,1.570387
863,0.000001,-0.002500,9.810000,0.000000,0.000000,0.000000,1.570387
864,0.000000,0.000000,9.810000,0.000000,0.000000,0.000000,1.570387
865,0.000001,-0.002500,9.810040,0.000000,0.000000,0.000000,1.570387
866,-0.000625,-0.000000,9.809961,0.000000,0.000000,0.000000,1.570387
867,0.000625,0.000000,9.810000,0.000000,0.000000,0.000000,1.570387
868,0.000000,0.000000,9.810000,0.000000,0.000000,0.000000,1.570387
869,0.000000,0.000000,9.810000,0.000000,0.000000,0.000000,1.570387
870,-0.000626,0.002500,9.810000,0.000000,0.000000,0.000000,1.570387
871,0.000626,-0.002500,9.809961,0.000000,0.000000,0.000000,1.570387
872,-0.000625,-0.000000,9.810040,0.000000,0.000000,0.000000,1.570387
873,0.001249,0.002501,9.810000,0.000000,0.000000,0.000000,1.570387
874,-0.001874,-0.002501,9.810000,0.000000,0.000000,0.000000,1.570387
875,0.000625,0.000000,9.810000,0.000000,0.000000,0.000000,1.570387
876,0.001250,0.000001,9.810000,0.000000,0.000000,0.000000,1.570387
877,-0.001876,0.002499,9.810000,0.000000,0.000000,0.000000,1.570387
878,0.000626,-0.002500,9.810000,0.000000,0.000000,0.000000,1.570387
879,0.001250,0.000001,9.810000,0.000000,0.000000,0.000000,1.570387
880,-0.001875,-0.000001,9.810040,0.000000,0.000000,0.000000,1.570387
881,0.000625,0.000000,9.809961,0.000000,0.000000,0.000000,1.570387
882,0.001249,0.002501,9.810000,0.000000,0.000000,0.000000,1.570387
883,-0.001874,-0.002501,9.810000,0.000000,0.000000,0.000000,1.570387
884,0.000625,0.000000,9.810000,0.000000,0.000000,0.000000,1.570387
885,0.000625,0.000000,9.810000,0.000000,0.000000,0.000000,1.570387
886,-0.000625,-0.000000,9.809961,0.000000,0.000000,0.000000,1.570387
887,0.000000,0.000000,9.810040,0.000000,0.000000,0.000000,1.570387
888,0.000624,0.002500,9.810000,0.000000,0.000000,0.000000,1.570387
889,-0.000625,-0.000000,9.810000,0.000000,0.000000,0.000000,1.570387
890,0.000001,-0.002500,9.810000,0.000000,0.000000,0.000000,1.570387
891,0.001250,0.000001,9.810000,0.000000,0.000000,0.000000,1.570387
892,0.000000,0.000000,9.810000,0.000000,0.000000,0.000000,1.570387
893,-0.001251,0.002499,9.810000,0.000000,0.000000,0.000000,1.570387
894,0.001251,-0.002499,9.810000,0.000000,0.000000,0.000000,1.570387
895,0.000000,0.000000,9.810040,0.000000,0.000000,0.000000,1.570387
896,-0.001250,-0.000001,9.809961,0.000000,0.000000,0.000000,1.570387
897,0.001250,0.000001,9.810000,0.000000,0.000000,0.000000,1.570387
898,0.000000,0.000000,9.810000,0.000000,0.000000,0.000000,1.570387
899,-0.001250,-0.000001,9.810000,0.000000,0.000000,0.000000,1.570387
